,Restaurant_id,City,Cuisine Style,Ranking,Rating,Price Range,Number of Reviews,Reviews,URL_TA,ID_TA,url,Full_rest_numbers
0,id_5569,Paris,"['European', 'French', 'International']",5570.0,3.5,$$ - $$$,194.0,"[['Good food at your doorstep', 'A good hotel restaurant'], ['12/31/2017', '11/20/2017']]",/Restaurant_Review-g187147-d1912643-Reviews-R_Yves-Paris_Ile_de_France.html,d1912643,https://www.tripadvisor.com/Restaurant_Review-g187147-d1912643-Reviews-R_Yves-Paris_Ile_de_France.html,5503  15633
1,id_1535,Stockholm,,1537.0,4.0,,10.0,"[['Unique cuisine', 'Delicious Nepalese food'], ['07/06/2017', '06/19/2016']]",/Restaurant_Review-g189852-d7992032-Reviews-Buddha_Nepal-Stockholm.html,d7992032,https://www.tripadvisor.com/Restaurant_Review-g189852-d7992032-Reviews-Buddha_Nepal-Stockholm.html,1052  2783
2,id_352,London,"['Japanese', 'Sushi', 'Asian', 'Grill', 'Vegetarian Friendly', 'Vegan Options', 'Gluten Free Options']",353.0,4.5,$$$$,688.0,"[['Catch up with friends', 'Not exceptional'], ['01/08/2018', '01/06/2018']]",/Restaurant_Review-g186338-d8632781-Reviews-ROKA_Mayfair-London_England.html,d8632781,https://www.tripadvisor.com/Restaurant_Review-g186338-d8632781-Reviews-ROKA_Mayfair-London_England.html,888  17239
3,id_3456,Berlin,,3458.0,5.0,,3.0,"[[], []]",/Restaurant_Review-g187323-d1358776-Reviews-Esplanade-Berlin.html,d1358776,https://www.tripadvisor.com/Restaurant_Review-g187323-d1358776-Reviews-Esplanade-Berlin.html,4508  5635
4,id_615,Munich,"['German', 'Central European', 'Vegetarian Friendly']",621.0,4.0,$$ - $$$,84.0,"[['Best place to try a Bavarian food', 'Nice building but improvements need to be...'], ['11/18/2017', '02/19/2017']]",/Restaurant_Review-g187309-d6864963-Reviews-Augustiner_Schutzen_Garten-Munich_Upper_Bavaria_Bavaria.html,d6864963,https://www.tripadvisor.com/Restaurant_Review-g187309-d6864963-Reviews-Augustiner_Schutzen_Garten-Munich_Upper_Bavaria_Bavaria.html,640  2882
5,id_1418,Oporto,,1419.0,3.0,,2.0,"[['There are better 3 star hotel bars', 'Amazing views, friendly service and good q...'], ['09/16/2017', '05/31/2017']]",/Restaurant_Review-g189180-d12503536-Reviews-Dick_s_Bar-Porto_Porto_District_Northern_Portugal.html,d12503536,https://www.tripadvisor.com/Restaurant_Review-g189180-d12503536-Reviews-Dick_s_Bar-Porto_Porto_District_Northern_Portugal.html,819  1861
6,id_1720,Milan,"['Italian', 'Pizza']",1722.0,4.0,$,50.0,"[['Excellent simple local eatery.', 'Excellent Restaurant'], ['08/04/2017', '11/05/2017']]",/Restaurant_Review-g187849-d5808504-Reviews-Pizzeria_La_Costiera-Milan_Lombardy.html,d5808504,https://www.tripadvisor.com/Restaurant_Review-g187849-d5808504-Reviews-Pizzeria_La_Costiera-Milan_Lombardy.html,1704  6750
7,id_825,Bratislava,['Italian'],826.0,3.0,,9.0,"[['Wasting of money', 'excellent cuisine'], ['02/16/2014', '06/13/2012']]",/Restaurant_Review-g274924-d3199765-Reviews-Ristorante_Italiano_San_Cono-Bratislava_Bratislava_Region.html,d3199765,https://www.tripadvisor.com/Restaurant_Review-g274924-d3199765-Reviews-Ristorante_Italiano_San_Cono-Bratislava_Bratislava_Region.html,917  1045
8,id_2690,Vienna,,2692.0,4.0,,,"[[], []]",/Restaurant_Review-g190454-d12845029-Reviews-Grunstern-Vienna.html,d12845029,https://www.tripadvisor.com/Restaurant_Review-g190454-d12845029-Reviews-Grunstern-Vienna.html,3365  3803
9,id_4209,Rome,"['Italian', 'Pizza', 'Fast Food']",4210.0,4.0,$,55.0,"[['Clean efficient staff', 'Nice little pizza takeaway place'], ['11/07/2017', '03/27/2017']]",/Restaurant_Review-g187791-d8020681-Reviews-Quadro_Pizzetterie-Rome_Lazio.html,d8020681,https://www.tripadvisor.com/Restaurant_Review-g187791-d8020681-Reviews-Quadro_Pizzetterie-Rome_Lazio.html,4887  10360
10,id_6578,Barcelona,,6579.0,3.0,,6.0,"[[], []]",/Restaurant_Review-g187497-d10696479-Reviews-Restaurant_El_Plaer-Barcelona_Catalonia.html,d10696479,https://www.tripadvisor.com/Restaurant_Review-g187497-d10696479-Reviews-Restaurant_El_Plaer-Barcelona_Catalonia.html,8434  8726
11,id_5312,London,"['Italian', 'Pizza', 'Vegetarian Friendly']",5321.0,4.0,$$ - $$$,42.0,"[['Not bad for Canary Wharf', 'To be a pilgrim'], ['12/15/2017', '11/22/2017']]",/Restaurant_Review-g186338-d12402429-Reviews-Pizza_Pilgrims-London_England.html,d12402429,https://www.tripadvisor.com/Restaurant_Review-g186338-d12402429-Reviews-Pizza_Pilgrims-London_England.html,2801  17239
12,id_4066,London,"['Italian', 'Pizza', 'Vegetarian Friendly', 'Gluten Free Options']",4073.0,3.5,$$ - $$$,286.0,"[['Great service, good za', 'Lovely, relaxed atmosphere!'], ['01/07/2018', '12/27/2017']]",/Restaurant_Review-g186338-d2259559-Reviews-Made_In_Italy_King_s_Road-London_England.html,d2259559,https://www.tripadvisor.com/Restaurant_Review-g186338-d2259559-Reviews-Made_In_Italy_King_s_Road-London_England.html,3008  17239
13,id_4637,Berlin,"['Vegetarian Friendly', 'Gluten Free Options']",4639.0,4.5,$$ - $$$,10.0,"[['What a great spot!', 'Healthy superfoods, various lunch offers a...'], ['07/25/2017', '05/30/2017']]",/Restaurant_Review-g187323-d12107166-Reviews-Lykke-Berlin.html,d12107166,https://www.tripadvisor.com/Restaurant_Review-g187323-d12107166-Reviews-Lykke-Berlin.html,
14,id_4773,Madrid,"['Mediterranean', 'Spanish', 'Healthy']",4776.0,4.0,$$ - $$$,7.0,"[[], []]",/Restaurant_Review-g187514-d10859423-Reviews-Batea-Madrid.html,d10859423,https://www.tripadvisor.com/Restaurant_Review-g187514-d10859423-Reviews-Batea-Madrid.html,5579  10348
15,id_1401,Dublin,['Cafe'],1405.0,4.0,$$ - $$$,28.0,"[['Lovely food', 'Great coffee'], ['12/01/2017', '09/14/2017']]",/Restaurant_Review-g186605-d6633059-Reviews-Green_Land_Cafe-Dublin_County_Dublin.html,d6633059,https://www.tripadvisor.com/Restaurant_Review-g186605-d6633059-Reviews-Green_Land_Cafe-Dublin_County_Dublin.html,1553  2107
16,id_5257,Berlin,"['Japanese', 'Asian', 'Thai', 'Vietnamese']",5259.0,4.0,,3.0,"[['This is a real hidden Sushi-gem'], ['04/12/2017']]",/Restaurant_Review-g187323-d10266473-Reviews-Akira_Sushi_Streetfood-Berlin.html,d10266473,https://www.tripadvisor.com/Restaurant_Review-g187323-d10266473-Reviews-Akira_Sushi_Streetfood-Berlin.html,0
17,id_11121,London,"['Bar', 'Pub']",11131.0,4.5,$$ - $$$,7.0,"[['gin tour venue', 'Gin Tour'], ['02/28/2017', '10/31/2016']]",/Restaurant_Review-g186338-d8659568-Reviews-46_Mercy-London_England.html,d8659568,https://www.tripadvisor.com/Restaurant_Review-g186338-d8659568-Reviews-46_Mercy-London_England.html,11025  17239
18,id_3127,Berlin,['German'],3129.0,4.0,$$ - $$$,12.0,"[['Nice stay, very good hotel', 'great residential area'], ['08/16/2017', '10/21/2016']]",/Restaurant_Review-g187323-d3702312-Reviews-Albrechtshof-Berlin.html,d3702312,https://www.tripadvisor.com/Restaurant_Review-g187323-d3702312-Reviews-Albrechtshof-Berlin.html,1540  5635
19,id_2791,Brussels,['Chinese'],2792.0,3.0,$$ - $$$,12.0,"[['Seriously, is this a restaurant?', 'Not that bad, but very boring type of food...'], ['04/12/2016', '08/13/2015']]",/Restaurant_Review-g947638-d8155327-Reviews-Hong_Yun-Watermael_Boitsfort_Brussels.html,d8155327,https://www.tripadvisor.com/Restaurant_Review-g947638-d8155327-Reviews-Hong_Yun-Watermael_Boitsfort_Brussels.html,23  25
20,id_368,Munich,"['German', 'Vegetarian Friendly']",370.0,5.0,$$ - $$$,27.0,"[['Hidden Gem', 'Traditional Bavarian restaurant'], ['12/12/2017', '12/04/2017']]",/Restaurant_Review-g187309-d10524693-Reviews-Schmaus_Braus-Munich_Upper_Bavaria_Bavaria.html,d10524693,https://www.tripadvisor.com/Restaurant_Review-g187309-d10524693-Reviews-Schmaus_Braus-Munich_Upper_Bavaria_Bavaria.html,0
21,id_5844,Madrid,,5847.0,4.0,,,"[[], []]",/Restaurant_Review-g187514-d10058810-Reviews-Bar_Restaurante_El_Diezy7-Madrid.html,d10058810,https://www.tripadvisor.com/Restaurant_Review-g187514-d10058810-Reviews-Bar_Restaurante_El_Diezy7-Madrid.html,0
22,id_13016,London,"['Bar', 'British', 'Pub']",13026.0,3.5,$$ - $$$,52.0,"[['Nice pub but not for food', 'Recently renovated'], ['08/05/2017', '04/29/2017']]",/Restaurant_Review-g186338-d2508041-Reviews-The_Swan_Wimbledon-London_England.html,d2508041,https://www.tripadvisor.com/Restaurant_Review-g186338-d2508041-Reviews-The_Swan_Wimbledon-London_England.html,7333  17239
23,id_72,Zurich,"['Asian', 'Thai', 'Vegetarian Friendly', 'Gluten Free Options', 'Vegan Options']",73.0,4.0,$$ - $$$,371.0,"[['Great Thai Food', 'Great Thai Food In The Middle Of Switzerla...'], ['12/01/2017', '10/05/2017']]",/Restaurant_Review-g188113-d1018940-Reviews-White_Elephant-Zurich.html,d1018940,https://www.tripadvisor.com/Restaurant_Review-g188113-d1018940-Reviews-White_Elephant-Zurich.html,81  1676
24,id_14973,London,"['Cafe', 'British']",14984.0,3.0,$,18.0,"[['Fast and hot', 'Reasonable'], ['08/06/2017', '05/09/2017']]",/Restaurant_Review-g186338-d7617571-Reviews-Square_Pie-London_England.html,d7617571,https://www.tripadvisor.com/Restaurant_Review-g186338-d7617571-Reviews-Square_Pie-London_England.html,1592  1845
25,id_1076,Warsaw,"['Polish', 'International', 'European', 'Fusion']",1077.0,5.0,$,2.0,"[[], []]",/Restaurant_Review-g274856-d12018194-Reviews-The_Zoopa-Warsaw_Mazovia_Province_Central_Poland.html,d12018194,https://www.tripadvisor.com/Restaurant_Review-g274856-d12018194-Reviews-The_Zoopa-Warsaw_Mazovia_Province_Central_Poland.html,1966  2788
26,id_2763,Madrid,,2765.0,5.0,,11.0,"[['Heavenly meat slices and craft beer too.'], ['07/05/2016']]",/Restaurant_Review-g187514-d10060659-Reviews-Gaditaun-Madrid.html,d10060659,https://www.tripadvisor.com/Restaurant_Review-g187514-d10060659-Reviews-Gaditaun-Madrid.html,3988  10348
27,id_2108,Budapest,,2109.0,3.5,,2.0,"[['Good value canteen lunch stop.'], ['01/26/2017']]",/Restaurant_Review-g274887-d11616946-Reviews-Pajtas_Onkiszolgalo_Etterem-Budapest_Central_Hungary.html,d11616946,https://www.tripadvisor.com/Restaurant_Review-g274887-d11616946-Reviews-Pajtas_Onkiszolgalo_Etterem-Budapest_Central_Hungary.html,0
28,id_10057,Paris,,10059.0,4.5,,4.0,"[['Fab Food'], ['08/20/2011']]",/Restaurant_Review-g187147-d2040769-Reviews-Le_Paradis-Paris_Ile_de_France.html,d2040769,https://www.tripadvisor.com/Restaurant_Review-g187147-d2040769-Reviews-Le_Paradis-Paris_Ile_de_France.html,12484  15633
29,id_8349,Madrid,,8356.0,2.5,,16.0,"[[], []]",/Restaurant_Review-g187514-d5776152-Reviews-Argayo-Madrid.html,d5776152,https://www.tripadvisor.com/Restaurant_Review-g187514-d5776152-Reviews-Argayo-Madrid.html,9962  10348
30,id_1841,Copenhagen,,1846.0,3.0,,16.0,"[['Lack of communication', 'We Liked the Buffet'], ['08/03/2017', '07/07/2017']]",/Restaurant_Review-g189541-d11841754-Reviews-Cafe_Phenix-Copenhagen_Zealand.html,d11841754,https://www.tripadvisor.com/Restaurant_Review-g189541-d11841754-Reviews-Cafe_Phenix-Copenhagen_Zealand.html,1832  1991
31,id_2006,Amsterdam,"['Dutch', 'European']",2011.0,4.5,$$ - $$$,15.0,"[['Brilliant service.....amazing breakfast', 'Fantastic'], ['09/01/2017', '01/03/2017']]",/Restaurant_Review-g188590-d3591150-Reviews-Cafe_Bos-Amsterdam_North_Holland_Province.html,d3591150,https://www.tripadvisor.com/Restaurant_Review-g188590-d3591150-Reviews-Cafe_Bos-Amsterdam_North_Holland_Province.html,0
32,id_1327,Budapest,,1328.0,5.0,,,"[['Absolutely amazing, tasty, fresh, cheap Ch...'], ['10/26/2015']]",/Restaurant_Review-g274887-d8791087-Reviews-Bunny_Chinese_Fast_Food-Budapest_Central_Hungary.html,d8791087,https://www.tripadvisor.com/Restaurant_Review-g274887-d8791087-Reviews-Bunny_Chinese_Fast_Food-Budapest_Central_Hungary.html,1942  2786
33,id_2434,Lyon,['Vietnamese'],2435.0,3.0,,4.0,"[[], []]",/Restaurant_Review-g187265-d3543959-Reviews-Vietnam_City-Lyon_Rhone_Auvergne_Rhone_Alpes.html,d3543959,https://www.tripadvisor.com/Restaurant_Review-g187265-d3543959-Reviews-Vietnam_City-Lyon_Rhone_Auvergne_Rhone_Alpes.html,2319  2574
34,id_2427,Rome,"['Italian', 'Pizza']",2428.0,4.5,$,69.0,"[['Delicious pizza and friendly staff', 'Best Pizza EVER tasted!!!'], ['01/27/2017', '07/17/2016']]",/Restaurant_Review-g187791-d5263694-Reviews-Pizza_Mix-Rome_Lazio.html,d5263694,https://www.tripadvisor.com/Restaurant_Review-g187791-d5263694-Reviews-Pizza_Mix-Rome_Lazio.html,2115  10360
35,id_2045,Madrid,"['Italian', 'Mexican', 'Venezuelan', 'South American']",2047.0,4.5,$$ - $$$,20.0,"[[], []]",/Restaurant_Review-g187514-d10302313-Reviews-Pizzeria_La_Margaritena-Madrid.html,d10302313,https://www.tripadvisor.com/Restaurant_Review-g187514-d10302313-Reviews-Pizzeria_La_Margaritena-Madrid.html,2724  10348
36,id_5842,Milan,['Italian'],5845.0,3.0,$$ - $$$,104.0,"[['Not bad', 'Avoid'], ['04/05/2015', '12/02/2013']]",/Restaurant_Review-g187849-d3267260-Reviews-La_Salumeria_Della_Musica-Milan_Lombardy.html,d3267260,https://www.tripadvisor.com/Restaurant_Review-g187849-d3267260-Reviews-La_Salumeria_Della_Musica-Milan_Lombardy.html,6422  6750
37,id_5209,Rome,"['Japanese', 'Sushi', 'Asian']",5210.0,5.0,$$ - $$$,2.0,"[[], []]",/Restaurant_Review-g187791-d13322935-Reviews-Gyoza_Ristorante_Dim_sum_Sushi-Rome_Lazio.html,d13322935,https://www.tripadvisor.com/Restaurant_Review-g187791-d13322935-Reviews-Gyoza_Ristorante_Dim_sum_Sushi-Rome_Lazio.html,2821  10360
38,id_11291,Paris,['French'],11293.0,4.5,$$ - $$$,10.0,"[['A relaxing dinner in a very personal atmos...'], ['03/08/2015']]",/Restaurant_Review-g187147-d3543081-Reviews-La_Cave_Marcadet-Paris_Ile_de_France.html,d3543081,https://www.tripadvisor.com/Restaurant_Review-g187147-d3543081-Reviews-La_Cave_Marcadet-Paris_Ile_de_France.html,0
39,id_3131,Milan,,3133.0,4.0,,7.0,"[['A great place to enjoy Milan'], ['05/12/2017']]",/Restaurant_Review-g187849-d12447161-Reviews-Le_Biciclette_Art_Bar_Bistrot-Milan_Lombardy.html,d12447161,https://www.tripadvisor.com/Restaurant_Review-g187849-d12447161-Reviews-Le_Biciclette_Art_Bar_Bistrot-Milan_Lombardy.html,1644  6750
40,id_2711,Madrid,"['Bar', 'Cafe', 'Mediterranean', 'Pub']",2713.0,4.5,$,9.0,"[[], []]",/Restaurant_Review-g187514-d12354572-Reviews-La_Tragona_Bar_de_Tapas-Madrid.html,d12354572,https://www.tripadvisor.com/Restaurant_Review-g187514-d12354572-Reviews-La_Tragona_Bar_de_Tapas-Madrid.html,3655  10348
41,id_5459,Paris,"['Asian', 'Thai', 'Vegetarian Friendly']",5460.0,3.5,$$ - $$$,132.0,"[['Very good Thai Food but small Portions and...', 'Great Thai food in Marais and friendly sta...'], ['10/18/2017', '07/29/2017']]",/Restaurant_Review-g187147-d953033-Reviews-Chao_praya-Paris_Ile_de_France.html,d953033,https://www.tripadvisor.com/Restaurant_Review-g187147-d953033-Reviews-Chao_praya-Paris_Ile_de_France.html,8028  15633
42,id_164,Hamburg,"['Soups', 'Healthy', 'Vegetarian Friendly', 'Vegan Options', 'Gluten Free Options']",165.0,4.5,$$ - $$$,73.0,"[['Fresh options', 'Good Healthy food'], ['10/07/2017', '06/29/2017']]",/Restaurant_Review-g187331-d6031001-Reviews-Dean_David_Fresh_to_Eat-Hamburg.html,d6031001,https://www.tripadvisor.com/Restaurant_Review-g187331-d6031001-Reviews-Dean_David_Fresh_to_Eat-Hamburg.html,212  2882
43,id_9924,Paris,['Pub'],9926.0,3.5,$,39.0,"[['English pub', 'Shameful'], ['02/14/2017', '12/10/2017']]",/Restaurant_Review-g187147-d5799345-Reviews-The_Financier-Paris_Ile_de_France.html,d5799345,https://www.tripadvisor.com/Restaurant_Review-g187147-d5799345-Reviews-The_Financier-Paris_Ile_de_France.html,8822  15633
44,id_2192,Lisbon,['Japanese'],2195.0,4.0,,7.0,"[[], []]",/Restaurant_Review-g189158-d5981466-Reviews-Aya_Bistrot-Lisbon_Lisbon_District_Central_Portugal.html,d5981466,https://www.tripadvisor.com/Restaurant_Review-g189158-d5981466-Reviews-Aya_Bistrot-Lisbon_Lisbon_District_Central_Portugal.html,53  224
45,id_11945,London,['Pizza'],11955.0,4.0,,3.0,"[['Traditional Eastend Pub', 'Cool historic pub'], ['07/19/2017', '02/05/2017']]",/Restaurant_Review-g186338-d7276832-Reviews-Duke_of_Wellington-London_England.html,d7276832,https://www.tripadvisor.com/Restaurant_Review-g186338-d7276832-Reviews-Duke_of_Wellington-London_England.html,10909  17239
46,id_8460,Madrid,['Italian'],8467.0,2.0,,4.0,"[[], []]",/Restaurant_Review-g187514-d12550964-Reviews-Ginos_Monforte_de_Lemos_193-Madrid.html,d12550964,https://www.tripadvisor.com/Restaurant_Review-g187514-d12550964-Reviews-Ginos_Monforte_de_Lemos_193-Madrid.html,9978  10348
47,id_75,Brussels,"['Belgian', 'European', 'Vegetarian Friendly', 'Vegan Options', 'Gluten Free Options']",76.0,4.0,$$ - $$$,484.0,"[['Valentines Dinner', 'Akk Round Very Good'], ['02/15/2018', '02/14/2018']]",/Restaurant_Review-g188644-d4150215-Reviews-Chutney_s-Brussels.html,d4150215,https://www.tripadvisor.com/Restaurant_Review-g188644-d4150215-Reviews-Chutney_s-Brussels.html,132  2365
48,id_2098,Barcelona,"['Cafe', 'Mediterranean', 'Spanish', 'Vegetarian Friendly']",2099.0,4.0,$,41.0,"[['Excellent open air spot in Riberia Quarter', 'Never been kicked out of a bar before !!!'], ['06/05/2017', '12/02/2017']]",/Restaurant_Review-g187497-d7952588-Reviews-Mescladis-Barcelona_Catalonia.html,d7952588,https://www.tripadvisor.com/Restaurant_Review-g187497-d7952588-Reviews-Mescladis-Barcelona_Catalonia.html,1180  8726
49,id_1048,Paris,"['French', 'European', 'Vegetarian Friendly']",1049.0,4.5,$$$$,281.0,"[['Amazing French cuisine', 'One of our best meals in Paris'], ['12/18/2017', '11/16/2017']]",/Restaurant_Review-g187147-d719083-Reviews-Le_Clos_des_Gourmets-Paris_Ile_de_France.html,d719083,https://www.tripadvisor.com/Restaurant_Review-g187147-d719083-Reviews-Le_Clos_des_Gourmets-Paris_Ile_de_France.html,0
50,id_1907,Copenhagen,"['Chinese', 'Fast Food']",1912.0,2.5,,9.0,"[['Okay for quick cheap light lunch', 'Not ok even if you‚Äôre a student and poor'], ['01/06/2018', '12/12/2017']]",/Restaurant_Review-g189541-d5408595-Reviews-China-Copenhagen_Zealand.html,d5408595,https://www.tripadvisor.com/Restaurant_Review-g189541-d5408595-Reviews-China-Copenhagen_Zealand.html,1968  1991
51,id_10142,London,,10151.0,4.0,,5.0,"[['Top class service and Food by New Manageme...', 'Very tasty Masala Tikka'], ['12/08/2017', '09/17/2017']]",/Restaurant_Review-g186338-d12391114-Reviews-Lahori_Tikka_Masala-London_England.html,d12391114,https://www.tripadvisor.com/Restaurant_Review-g186338-d12391114-Reviews-Lahori_Tikka_Masala-London_England.html,10590  17239
52,id_9231,Paris,"['French', 'Vietnamese']",9233.0,4.0,,25.0,"[[], []]",/Restaurant_Review-g187147-d7332770-Reviews-Chez_Kim_Ly-Paris_Ile_de_France.html,d7332770,https://www.tripadvisor.com/Restaurant_Review-g187147-d7332770-Reviews-Chez_Kim_Ly-Paris_Ile_de_France.html,5801  15633
53,id_279,Dublin,"['Italian', 'Pizza', 'European', 'Vegetarian Friendly', 'Vegan Options', 'Gluten Free Options']",280.0,4.0,$$ - $$$,257.0,"[['Great lunch', 'Kids Birthday Party'], ['11/26/2017', '10/06/2017']]",/Restaurant_Review-g186605-d1785149-Reviews-Little_Venice-Dublin_County_Dublin.html,d1785149,https://www.tripadvisor.com/Restaurant_Review-g186605-d1785149-Reviews-Little_Venice-Dublin_County_Dublin.html,1  10
54,id_155,Amsterdam,"['Steakhouse', 'Latin', 'Barbecue', 'European', 'Argentinean', 'South American', 'Vegetarian Friendly']",156.0,4.5,$$ - $$$,482.0,"[['Perfect foods', 'Everything is hillarious!'], ['01/05/2018', '01/05/2018']]",/Restaurant_Review-g188590-d4588301-Reviews-Villa_Maria_Restaurant_Amsterdam-Amsterdam_North_Holland_Province.html,d4588301,https://www.tripadvisor.com/Restaurant_Review-g188590-d4588301-Reviews-Villa_Maria_Restaurant_Amsterdam-Amsterdam_North_Holland_Province.html,268  3671
55,id_2622,Prague,['Cafe'],2628.0,4.5,$,4.0,"[['excellent sandwiches and salads'], ['03/19/2016']]",/Restaurant_Review-g274707-d7123553-Reviews-Passcal-Prague_Bohemia.html,d7123553,https://www.tripadvisor.com/Restaurant_Review-g274707-d7123553-Reviews-Passcal-Prague_Bohemia.html,3539  4653
56,id_1585,Lyon,['Italian'],1586.0,4.0,$$ - $$$,25.0,"[['Too busy and too important to serve custom...'], ['11/10/2014']]",/Restaurant_Review-g187265-d4295258-Reviews-Espressamente_illy_Lyon_Part_Dieu-Lyon_Rhone_Auvergne_Rhone_Alpes.html,d4295258,https://www.tripadvisor.com/Restaurant_Review-g187265-d4295258-Reviews-Espressamente_illy_Lyon_Part_Dieu-Lyon_Rhone_Auvergne_Rhone_Alpes.html,0
57,id_5510,Madrid,,5513.0,4.5,,6.0,"[['Business lunch spot'], ['04/13/2012']]",/Restaurant_Review-g187514-d697485-Reviews-Casa_Santa_Cruz-Madrid.html,d697485,https://www.tripadvisor.com/Restaurant_Review-g187514-d697485-Reviews-Casa_Santa_Cruz-Madrid.html,6218  10348
58,id_547,Milan,"['Japanese', 'Sushi', 'Vegetarian Friendly']",548.0,4.0,$$ - $$$,554.0,"[['Always a great experience', 'The best sushi in Milan'], ['05/28/2017', '03/23/2017']]",/Restaurant_Review-g187849-d4353632-Reviews-Kanji_EVO-Milan_Lombardy.html,d4353632,https://www.tripadvisor.com/Restaurant_Review-g187849-d4353632-Reviews-Kanji_EVO-Milan_Lombardy.html,973  6750
59,id_10032,Paris,,10034.0,4.5,,2.0,"[[], []]",/Restaurant_Review-g187147-d1035491-Reviews-Le_Kaiku-Paris_Ile_de_France.html,d1035491,https://www.tripadvisor.com/Restaurant_Review-g187147-d1035491-Reviews-Le_Kaiku-Paris_Ile_de_France.html,12855  15633
60,id_8755,London,,8764.0,4.5,,4.0,"[['Tasty bratwurst', 'Fab Bratwurst'], ['12/21/2017', '09/24/2017']]",/Restaurant_Review-g186338-d12676684-Reviews-The_German_Deli-London_England.html,d12676684,https://www.tripadvisor.com/Restaurant_Review-g186338-d12676684-Reviews-The_German_Deli-London_England.html,
61,id_1620,Warsaw,,1622.0,4.0,,2.0,"[[], []]",/Restaurant_Review-g274856-d11770289-Reviews-Bar_Hoa_Lan-Warsaw_Mazovia_Province_Central_Poland.html,d11770289,https://www.tripadvisor.com/Restaurant_Review-g274856-d11770289-Reviews-Bar_Hoa_Lan-Warsaw_Mazovia_Province_Central_Poland.html,2265  2788
62,id_3662,Barcelona,['Spanish'],3663.0,4.0,$,26.0,"[['Great.', 'Nice'], ['08/31/2016', '05/17/2016']]",/Restaurant_Review-g187497-d5587837-Reviews-Chistu-Barcelona_Catalonia.html,d5587837,https://www.tripadvisor.com/Restaurant_Review-g187497-d5587837-Reviews-Chistu-Barcelona_Catalonia.html,4420  8726
63,id_150,Budapest,"['Healthy', 'Mediterranean', 'Vegetarian Friendly']",151.0,4.5,$,1317.0,"[['Great Food', 'Tasty'], ['01/07/2018', '01/07/2018']]",/Restaurant_Review-g274887-d813990-Reviews-Hummusbar-Budapest_Central_Hungary.html,d813990,https://www.tripadvisor.com/Restaurant_Review-g274887-d813990-Reviews-Hummusbar-Budapest_Central_Hungary.html,323  2786
64,id_52,Dublin,"['Irish', 'Seafood', 'European', 'Soups', 'Vegetarian Friendly', 'Gluten Free Options']",53.0,4.5,$$ - $$$,1820.0,"[['Wonderful Birthday Dinner', 'Incredible'], ['01/09/2018', '01/05/2018']]",/Restaurant_Review-g186605-d2259146-Reviews-Matt_The_Thresher-Dublin_County_Dublin.html,d2259146,https://www.tripadvisor.com/Restaurant_Review-g186605-d2259146-Reviews-Matt_The_Thresher-Dublin_County_Dublin.html,111  2107
65,id_1981,Budapest,,1982.0,3.5,,8.0,"[['Good cooked food selfservise restaurant', 'Cold, disappointing food'], ['09/30/2017', '10/08/2016']]",/Restaurant_Review-g274887-d10073699-Reviews-Fozelekfalo_Food_Bar-Budapest_Central_Hungary.html,d10073699,https://www.tripadvisor.com/Restaurant_Review-g274887-d10073699-Reviews-Fozelekfalo_Food_Bar-Budapest_Central_Hungary.html,2459  2786
66,id_533,Barcelona,"['Japanese', 'Asian', 'Fusion', 'Vegetarian Friendly', 'Gluten Free Options']",534.0,4.0,$$$$,1060.0,"[['El Bulli style Japanese restaurant.', 'Breathtaking. WHAT?'], ['12/10/2017', '10/20/2017']]",/Restaurant_Review-g187497-d1099373-Reviews-Dos_Palillos-Barcelona_Catalonia.html,d1099373,https://www.tripadvisor.com/Restaurant_Review-g187497-d1099373-Reviews-Dos_Palillos-Barcelona_Catalonia.html,1085  8726
67,id_2068,Barcelona,"['Seafood', 'Mediterranean', 'Spanish']",2069.0,4.0,$$ - $$$,112.0,"[['Do not miss this restaurant!', 'You will enjoy it.'], ['10/29/2016', '10/18/2016']]",/Restaurant_Review-g187497-d797017-Reviews-Brasseria_Gallega-Barcelona_Catalonia.html,d797017,https://www.tripadvisor.com/Restaurant_Review-g187497-d797017-Reviews-Brasseria_Gallega-Barcelona_Catalonia.html,1798  8726
68,id_8648,Paris,,8650.0,4.5,,3.0,"[[], []]",/Restaurant_Review-g187147-d11687952-Reviews-Lula-Paris_Ile_de_France.html,d11687952,https://www.tripadvisor.com/Restaurant_Review-g187147-d11687952-Reviews-Lula-Paris_Ile_de_France.html,7092  15633
69,id_2273,Paris,"['Chinese', 'Asian']",2274.0,4.0,$$ - $$$,157.0,"[['A Delightful Finish', 'Great authentic food'], ['07/19/2017', '01/07/2017']]",/Restaurant_Review-g187147-d1019904-Reviews-L_Orient_d_Or-Paris_Ile_de_France.html,d1019904,https://www.tripadvisor.com/Restaurant_Review-g187147-d1019904-Reviews-L_Orient_d_Or-Paris_Ile_de_France.html,1794  15633
70,id_643,Oslo,"['Italian', 'Pizza']",644.0,4.0,$,19.0,"[['Nice little take away', 'One of the best in Oslo'], ['08/27/2017', '09/29/2015']]",/Restaurant_Review-g190479-d4043773-Reviews-Pizza_Pancetta_Majorstuen-Oslo_Eastern_Norway.html,d4043773,https://www.tripadvisor.com/Restaurant_Review-g190479-d4043773-Reviews-Pizza_Pancetta_Majorstuen-Oslo_Eastern_Norway.html,587  1190
71,id_851,Zurich,"['Swiss', 'European']",855.0,4.5,$,12.0,"[['Simple unintentionally retro local establi...'], ['12/09/2014']]",/Restaurant_Review-g188113-d4226084-Reviews-Restaurant_Moleson-Zurich.html,d4226084,https://www.tripadvisor.com/Restaurant_Review-g188113-d4226084-Reviews-Restaurant_Moleson-Zurich.html,0
72,id_793,Dublin,"['French', 'Irish', 'European']",794.0,5.0,$$ - $$$,8.0,"[['Enjoyable visit', 'One Place....One Bistro For a Great Experi...'], ['01/08/2018', '01/07/2018']]",/Restaurant_Review-g186605-d13172414-Reviews-One_Bistro-Dublin_County_Dublin.html,d13172414,https://www.tripadvisor.com/Restaurant_Review-g186605-d13172414-Reviews-One_Bistro-Dublin_County_Dublin.html,301  2107
73,id_6029,Milan,,6032.0,2.5,,2.0,"[[], []]",/Restaurant_Review-g187849-d12911907-Reviews-Panificio_Reda-Milan_Lombardy.html,d12911907,https://www.tripadvisor.com/Restaurant_Review-g187849-d12911907-Reviews-Panificio_Reda-Milan_Lombardy.html,6491  6750
74,id_7122,London,"['Bar', 'International']",7131.0,4.0,$$ - $$$,79.0,"[['Great stop-off on a night out', 'Fabulous atmosphere. Wish I had been ther...'], ['11/04/2017', '02/21/2017']]",/Restaurant_Review-g186338-d3322305-Reviews-Piano_Kensington-London_England.html,d3322305,https://www.tripadvisor.com/Restaurant_Review-g186338-d3322305-Reviews-Piano_Kensington-London_England.html,5395  17239
75,id_1247,Dublin,,1250.0,5.0,,3.0,"[['Great service', 'Perfect breakfast'], ['04/25/2015', '03/21/2015']]",/Restaurant_Review-g186605-d7805333-Reviews-Biscotti_Caffe-Dublin_County_Dublin.html,d7805333,https://www.tripadvisor.com/Restaurant_Review-g186605-d7805333-Reviews-Biscotti_Caffe-Dublin_County_Dublin.html,1596  2107
76,id_887,Lisbon,"['European', 'Portuguese', 'Mediterranean', 'Contemporary', 'Wine Bar', 'Vegetarian Friendly']",888.0,4.5,$$ - $$$,66.0,"[['Nice and relaxing night', 'Brazilian Caipirinha !'], ['12/03/2017', '11/21/2017']]",/Restaurant_Review-g189158-d6432242-Reviews-Embaixada_Portuguesa-Lisbon_Lisbon_District_Central_Portugal.html,d6432242,https://www.tripadvisor.com/Restaurant_Review-g189158-d6432242-Reviews-Embaixada_Portuguesa-Lisbon_Lisbon_District_Central_Portugal.html,1121  4576
77,id_773,Amsterdam,"['Italian', 'European', 'Vegetarian Friendly', 'Gluten Free Options']",775.0,4.0,$$ - $$$,138.0,"[['Nice dinner', 'Cool place'], ['10/02/2017', '06/25/2017']]",/Restaurant_Review-g188590-d2478316-Reviews-Pekelhaaring-Amsterdam_North_Holland_Province.html,d2478316,https://www.tripadvisor.com/Restaurant_Review-g188590-d2478316-Reviews-Pekelhaaring-Amsterdam_North_Holland_Province.html,757  3671
78,id_6025,Madrid,"['Spanish', 'Cafe']",6028.0,3.5,$,20.0,"[['Watery coffee, overpriced'], ['09/04/2016']]",/Restaurant_Review-g187514-d4600249-Reviews-LA_MEKA_DE_LA_BAGUETTE-Madrid.html,d4600249,https://www.tripadvisor.com/Restaurant_Review-g187514-d4600249-Reviews-LA_MEKA_DE_LA_BAGUETTE-Madrid.html,9072  10348
79,id_35,Budapest,"['Seafood', 'Mediterranean', 'European', 'Greek', 'Soups', 'Vegetarian Friendly', 'Vegan Options', 'Gluten Free Options']",36.0,4.5,$$ - $$$,2340.0,"[['Awesome place!', 'one of the nest and great sea-greek food'], ['01/08/2018', '01/03/2018']]",/Restaurant_Review-g274887-d696117-Reviews-Taverna_Dionysos-Budapest_Central_Hungary.html,d696117,https://www.tripadvisor.com/Restaurant_Review-g274887-d696117-Reviews-Taverna_Dionysos-Budapest_Central_Hungary.html,81  2786
80,id_13815,London,"['Mexican', 'Fast Food', 'South American', 'Central American', 'Vegetarian Friendly']",13825.0,3.5,$,28.0,"[['Solid food - perhaps tops Mexican in the a...', 'Disappointing from a once great place.'], ['06/28/2017', '04/14/2017']]",/Restaurant_Review-g186338-d2176100-Reviews-Poncho_8-London_England.html,d2176100,https://www.tripadvisor.com/Restaurant_Review-g186338-d2176100-Reviews-Poncho_8-London_England.html,1409  1845
81,id_1012,Helsinki,"['Japanese', 'Sushi', 'Asian']",1013.0,3.0,,19.0,"[['Very nice lunch sushi', 'Good sushi in Helsinki'], ['11/02/2017', '10/25/2016']]",/Restaurant_Review-g189934-d3345223-Reviews-Rice_Garden-Helsinki_Uusimaa.html,d3345223,https://www.tripadvisor.com/Restaurant_Review-g189934-d3345223-Reviews-Rice_Garden-Helsinki_Uusimaa.html,1082  1388
82,id_361,Rome,"['Italian', 'Pizza', 'Mediterranean', 'Barbecue', 'Grill', 'Vegetarian Friendly']",362.0,4.5,$$ - $$$,288.0,"[['So cosy and beautiful', 'Excellent! Loved the experience!'], ['10/10/2017', '10/09/2017']]",/Restaurant_Review-g187791-d7361724-Reviews-InfarinaRe-Rome_Lazio.html,d7361724,https://www.tripadvisor.com/Restaurant_Review-g187791-d7361724-Reviews-InfarinaRe-Rome_Lazio.html,642  10360
83,id_3670,Berlin,['Sushi'],3672.0,4.5,$$ - $$$,10.0,"[['Super fresh sushi', 'Excellent, fresh high quality Sushi!'], ['02/07/2017', '09/20/2016']]",/Restaurant_Review-g187323-d5532357-Reviews-Sushi_Bar_Ishin-Berlin.html,d5532357,https://www.tripadvisor.com/Restaurant_Review-g187323-d5532357-Reviews-Sushi_Bar_Ishin-Berlin.html,2455  5635
84,id_2171,Berlin,"['Mediterranean', 'Grill', 'Italian', 'German', 'European', 'Vegetarian Friendly']",2173.0,3.5,$$ - $$$,130.0,"[['Pot Luck', 'Food and service verage'], ['11/15/2017', '09/24/2017']]",/Restaurant_Review-g187323-d1359957-Reviews-Speisekombinat-Berlin.html,d1359957,https://www.tripadvisor.com/Restaurant_Review-g187323-d1359957-Reviews-Speisekombinat-Berlin.html,1903  5635
85,id_1461,Milan,"['Chinese', 'Japanese', 'Seafood', 'Sushi', 'Vegetarian Friendly']",1463.0,3.5,$,283.0,"[['A Sushi break', 'Tasty japonese food'], ['08/11/2016', '06/15/2015']]",/Restaurant_Review-g187849-d2589168-Reviews-Kyo_Fusion_Restaurant-Milan_Lombardy.html,d2589168,https://www.tripadvisor.com/Restaurant_Review-g187849-d2589168-Reviews-Kyo_Fusion_Restaurant-Milan_Lombardy.html,1308  6750
86,id_1482,Amsterdam,,1485.0,5.0,,12.0,"[['Affordable, cozy and delicious!', 'Love this place!!!!'], ['10/18/2016', '08/14/2016']]",/Restaurant_Review-g188590-d10027275-Reviews-Samen-Amsterdam_North_Holland_Province.html,d10027275,https://www.tripadvisor.com/Restaurant_Review-g188590-d10027275-Reviews-Samen-Amsterdam_North_Holland_Province.html,109  172
87,id_1365,Zurich,['Italian'],1370.0,3.5,$$ - $$$,25.0,"[['OK Italian restaurant for a late dinner', 'Surprise !! Superb Italian'], ['12/09/2017', '09/20/2016']]",/Restaurant_Review-g188113-d1125197-Reviews-Milano-Zurich.html,d1125197,https://www.tripadvisor.com/Restaurant_Review-g188113-d1125197-Reviews-Milano-Zurich.html,1251  1676
88,id_8,Oslo,"['Indian', 'Asian', 'Vegetarian Friendly', 'Vegan Options', 'Gluten Free Options']",9.0,4.5,$$ - $$$,956.0,"[['Nice food, atmosphere and staff', 'The best indian restaurant in Oslo!'], ['01/08/2018', '12/30/2017']]",/Restaurant_Review-g190479-d9459585-Reviews-Der_Peppern_Gror-Oslo_Eastern_Norway.html,d9459585,https://www.tripadvisor.com/Restaurant_Review-g190479-d9459585-Reviews-Der_Peppern_Gror-Oslo_Eastern_Norway.html,7  1190
89,id_1018,Brussels,,1019.0,4.5,,45.0,"[['Charming setting. Splendiferous food. Serv...', 'Superb !!'], ['05/06/2017', '03/11/2017']]",/Restaurant_Review-g1136488-d5599563-Reviews-Le_Chalet_de_la_Foret-Uccle_Brussels.html,d5599563,https://www.tripadvisor.com/Restaurant_Review-g1136488-d5599563-Reviews-Le_Chalet_de_la_Foret-Uccle_Brussels.html,26  115
90,id_499,Lyon,,500.0,4.5,,45.0,"[['Excellent crepes and cosy place'], ['10/14/2016']]",/Restaurant_Review-g187265-d7623654-Reviews-Creperie_Caramel_Sale-Lyon_Rhone_Auvergne_Rhone_Alpes.html,d7623654,https://www.tripadvisor.com/Restaurant_Review-g187265-d7623654-Reviews-Creperie_Caramel_Sale-Lyon_Rhone_Auvergne_Rhone_Alpes.html,562  2574
91,id_1466,Vienna,"['Middle Eastern', 'Turkish']",1467.0,4.0,$$ - $$$,21.0,"[['Nice Place', 'Good Shisha'], ['02/02/2017', '10/31/2016']]",/Restaurant_Review-g190454-d2632522-Reviews-Cafe_Berfin-Vienna.html,d2632522,https://www.tripadvisor.com/Restaurant_Review-g190454-d2632522-Reviews-Cafe_Berfin-Vienna.html,1797  3803
92,id_7814,London,"['Fast Food', 'Healthy']",7823.0,4.0,$$ - $$$,21.0,"[['Good deal', 'Healthy lunch meetings'], ['09/22/2017', '07/05/2017']]",/Restaurant_Review-g186338-d7332678-Reviews-Vital_Ingredient-London_England.html,d7332678,https://www.tripadvisor.com/Restaurant_Review-g186338-d7332678-Reviews-Vital_Ingredient-London_England.html,10172  17239
93,id_689,Vienna,"['South American', 'Latin', 'Central American', 'Venezuelan']",690.0,4.5,$$ - $$$,29.0,"[['Great service, and amazing food', 'Great ambience & Great fusion food...'], ['10/10/2017', '05/27/2017']]",/Restaurant_Review-g190454-d10485816-Reviews-Chuchu-Vienna.html,d10485816,https://www.tripadvisor.com/Restaurant_Review-g190454-d10485816-Reviews-Chuchu-Vienna.html,1110  3803
94,id_1721,Edinburgh,"['Pub', 'Bar']",1728.0,2.0,$$ - $$$,26.0,"[[""Don't eat here if you have a train to catc..."", 'Lunchtime drink'], ['10/11/2017', '07/03/2017']]",/Restaurant_Review-g186525-d11688138-Reviews-The_Beer_House-Edinburgh_Scotland.html,d11688138,https://www.tripadvisor.com/Restaurant_Review-g186525-d11688138-Reviews-The_Beer_House-Edinburgh_Scotland.html,1771  1773
95,id_3703,Paris,"['French', 'Seafood', 'European']",3704.0,3.5,$$ - $$$,1135.0,"[['Good Authentic French Food', 'Going there almost every time I visit Pari...'], ['01/04/2018', '12/18/2017']]",/Restaurant_Review-g187147-d5943832-Reviews-Brasserie_L_Alsace-Paris_Ile_de_France.html,d5943832,https://www.tripadvisor.com/Restaurant_Review-g187147-d5943832-Reviews-Brasserie_L_Alsace-Paris_Ile_de_France.html,6291  15633
96,id_3412,Prague,,3419.0,3.5,,27.0,"[['Nothing special', 'The average McDonald -metro center'], ['12/16/2016', '08/14/2016']]",/Restaurant_Review-g274707-d4768085-Reviews-McDonald_s_Florenc-Prague_Bohemia.html,d4768085,https://www.tripadvisor.com/Restaurant_Review-g274707-d4768085-Reviews-McDonald_s_Florenc-Prague_Bohemia.html,104  119
97,id_538,Munich,"['Healthy', 'Central European', 'Vegetarian Friendly']",542.0,4.5,$,59.0,"[['Cosy break from the snow', 'Nice and friendly'], ['03/22/2017', '10/28/2016']]",/Restaurant_Review-g187309-d2255569-Reviews-Fraulein_Gruneis-Munich_Upper_Bavaria_Bavaria.html,d2255569,https://www.tripadvisor.com/Restaurant_Review-g187309-d2255569-Reviews-Fraulein_Gruneis-Munich_Upper_Bavaria_Bavaria.html,310  2882
98,id_1435,Munich,"['Italian', 'Pizza']",1447.0,4.0,$,21.0,"[['Cosy Italian restaurant', 'Good pizza'], ['11/10/2017', '03/07/2017']]",/Restaurant_Review-g187309-d4597916-Reviews-Eiscafe_Pinocchio-Munich_Upper_Bavaria_Bavaria.html,d4597916,https://www.tripadvisor.com/Restaurant_Review-g187309-d4597916-Reviews-Eiscafe_Pinocchio-Munich_Upper_Bavaria_Bavaria.html,1160  2882
99,id_1837,Amsterdam,['Chinese'],1842.0,4.5,$$ - $$$,17.0,"[['Delightful', 'Outstanding'], ['12/28/2017', '06/22/2017']]",/Restaurant_Review-g188590-d7916036-Reviews-Golden_House-Amsterdam_North_Holland_Province.html,d7916036,https://www.tripadvisor.com/Restaurant_Review-g188590-d7916036-Reviews-Golden_House-Amsterdam_North_Holland_Province.html,2068  3671
100,id_2904,Vienna,['Italian'],2906.0,3.5,,3.0,"[[], []]",/Restaurant_Review-g190454-d12350248-Reviews-Oskar-Vienna.html,d12350248,https://www.tripadvisor.com/Restaurant_Review-g190454-d12350248-Reviews-Oskar-Vienna.html,2839  3803
101,id_2040,Madrid,"['Mediterranean', 'Spanish', 'Vegetarian Friendly']",2042.0,3.5,$$ - $$$,339.0,"[['A place for rice', 'Disappointing because...'], ['11/03/2017', '06/27/2017']]",/Restaurant_Review-g187514-d1109944-Reviews-Samm-Madrid.html,d1109944,https://www.tripadvisor.com/Restaurant_Review-g187514-d1109944-Reviews-Samm-Madrid.html,2026  10348
102,id_1409,Budapest,"['French', 'European', 'Hungarian']",1410.0,5.0,,,"[[], []]",/Restaurant_Review-g274887-d13197631-Reviews-Le_Poulet-Budapest_Central_Hungary.html,d13197631,https://www.tripadvisor.com/Restaurant_Review-g274887-d13197631-Reviews-Le_Poulet-Budapest_Central_Hungary.html,
103,id_197,Lyon,"['French', 'European']",198.0,4.0,$$ - $$$,370.0,"[['Lovely place to eat', 'Good food, but lacks service.'], ['12/04/2017', '09/11/2017']]",/Restaurant_Review-g187265-d918784-Reviews-L_Atelier_d_Yvonne-Lyon_Rhone_Auvergne_Rhone_Alpes.html,d918784,https://www.tripadvisor.com/Restaurant_Review-g187265-d918784-Reviews-L_Atelier_d_Yvonne-Lyon_Rhone_Auvergne_Rhone_Alpes.html,233  2574
104,id_3341,Lisbon,"['European', 'Portuguese']",3345.0,3.5,,3.0,"[[], []]",/Restaurant_Review-g189158-d8772965-Reviews-Lamosa_Grill-Lisbon_Lisbon_District_Central_Portugal.html,d8772965,https://www.tripadvisor.com/Restaurant_Review-g189158-d8772965-Reviews-Lamosa_Grill-Lisbon_Lisbon_District_Central_Portugal.html,4098  4576
105,id_1940,Lyon,"['European', 'French', 'Seafood']",1941.0,3.0,$$ - $$$,354.0,"[['Standard', 'Rather good and great ornament'], ['05/23/2017', '04/20/2017']]",/Restaurant_Review-g1166685-d1324029-Reviews-Amarine_Saint_Priest-Saint_Priest_Lyon_Rhone_Auvergne_Rhone_Alpes.html,d1324029,https://www.tripadvisor.com/Restaurant_Review-g1166685-d1324029-Reviews-Amarine_Saint_Priest-Saint_Priest_Lyon_Rhone_Auvergne_Rhone_Alpes.html,0
106,id_2926,Milan,,2928.0,4.0,,28.0,"[['""Best Local""', 'Perfect pitstop'], ['02/09/2017', '04/17/2015']]",/Restaurant_Review-g187849-d6632829-Reviews-Don_Tannino_Bar_a_Vin-Milan_Lombardy.html,d6632829,https://www.tripadvisor.com/Restaurant_Review-g187849-d6632829-Reviews-Don_Tannino_Bar_a_Vin-Milan_Lombardy.html,0
107,id_8240,Madrid,,8247.0,2.5,,25.0,"[['Terrible. I could not beleive!', 'Great location'], ['01/13/2017', '12/22/2016']]",/Restaurant_Review-g187514-d11667577-Reviews-Restaurante_Playa_Riazor-Madrid.html,d11667577,https://www.tripadvisor.com/Restaurant_Review-g187514-d11667577-Reviews-Restaurante_Playa_Riazor-Madrid.html,0
108,id_2047,Prague,"['Italian', 'Mediterranean']",2050.0,5.0,$$ - $$$,,"[[], []]",/Restaurant_Review-g274707-d12243659-Reviews-Teodoro_ristorant_caffe-Prague_Bohemia.html,d12243659,https://www.tripadvisor.com/Restaurant_Review-g274707-d12243659-Reviews-Teodoro_ristorant_caffe-Prague_Bohemia.html,3612  4653
109,id_4591,Berlin,['German'],4593.0,4.0,$$ - $$$,29.0,"[['Wonderful relaxing cozy restaurant and bar...', 'Tasty food, perfect service, nice atmosphe...'], ['04/19/2017', '01/30/2016']]",/Restaurant_Review-g187323-d2445499-Reviews-Deichgraf-Berlin.html,d2445499,https://www.tripadvisor.com/Restaurant_Review-g187323-d2445499-Reviews-Deichgraf-Berlin.html,3715  5635
110,id_4278,Milan,['Chinese'],4281.0,3.5,$,83.0,"[['Value for money near the centrale', 'The best place'], ['06/03/2017', '08/19/2016']]",/Restaurant_Review-g187849-d2577881-Reviews-Momigi-Milan_Lombardy.html,d2577881,https://www.tripadvisor.com/Restaurant_Review-g187849-d2577881-Reviews-Momigi-Milan_Lombardy.html,0
111,id_5296,Rome,['Italian'],5298.0,4.0,,9.0,"[[], []]",/Restaurant_Review-g187791-d11951657-Reviews-Ventitre-Rome_Lazio.html,d11951657,https://www.tripadvisor.com/Restaurant_Review-g187791-d11951657-Reviews-Ventitre-Rome_Lazio.html,6591  10360
112,id_5,Geneva,"['French', 'Swiss', 'European', 'Vegetarian Friendly', 'Gluten Free Options']",6.0,4.5,$$ - $$$,1222.0,"[['Excellent food but a bit small', 'The best Fondue in a friendly atmosphere'], ['01/08/2018', '01/05/2018']]",/Restaurant_Review-g188057-d751711-Reviews-Cafe_du_Soleil-Geneva.html,d751711,https://www.tripadvisor.com/Restaurant_Review-g188057-d751711-Reviews-Cafe_du_Soleil-Geneva.html,22  1346
113,id_6011,Madrid,"['Italian', 'Pizza']",6014.0,3.5,$$ - $$$,48.0,"[['Good', 'too expensive for the food quality'], ['11/23/2016', '12/03/2013']]",/Restaurant_Review-g187514-d3902868-Reviews-Pizza_Jardin-Madrid.html,d3902868,https://www.tripadvisor.com/Restaurant_Review-g187514-d3902868-Reviews-Pizza_Jardin-Madrid.html,6440  10348
114,id_678,Madrid,"['Pizza', 'Vegetarian Friendly', 'Vegan Options']",679.0,4.5,$$ - $$$,95.0,"[['Unexpected pizzeria in Las Matas', 'The best pizzas in Madrid'], ['04/08/2017', '12/17/2016']]",/Restaurant_Review-g187514-d5487718-Reviews-Pizzeria_La_Cupula-Madrid.html,d5487718,https://www.tripadvisor.com/Restaurant_Review-g187514-d5487718-Reviews-Pizzeria_La_Cupula-Madrid.html,5  199
115,id_886,Bratislava,,888.0,1.0,,3.0,"[[], []]",/Restaurant_Review-g274924-d7995801-Reviews-Slovak_Pubs-Bratislava_Bratislava_Region.html,d7995801,https://www.tripadvisor.com/Restaurant_Review-g274924-d7995801-Reviews-Slovak_Pubs-Bratislava_Bratislava_Region.html,854  1045
116,id_4633,Paris,"['Indian', 'Middle Eastern', 'Pakistani']",4634.0,4.0,$,62.0,"[['quick delicious bite, not more', 'good food in india / Paskistani value rest...'], ['12/09/2016', '08/11/2016']]",/Restaurant_Review-g187147-d1331796-Reviews-Sheezan-Paris_Ile_de_France.html,d1331796,https://www.tripadvisor.com/Restaurant_Review-g187147-d1331796-Reviews-Sheezan-Paris_Ile_de_France.html,5090  15633
117,id_3436,Barcelona,['Italian'],3437.0,4.0,$,26.0,"[['Good early morning tea', 'Perfect Quiche and a caf√© latte'], ['12/23/2017', '10/04/2017']]",/Restaurant_Review-g187497-d8536895-Reviews-Buenas_Migas-Barcelona_Catalonia.html,d8536895,https://www.tripadvisor.com/Restaurant_Review-g187497-d8536895-Reviews-Buenas_Migas-Barcelona_Catalonia.html,3386  8726
118,id_1508,Lyon,,1490.0,5.0,,2.0,"[[], []]",/Restaurant_Review-g187265-d1328183-Reviews-Restaurant_Golbasi-Lyon_Rhone_Auvergne_Rhone_Alpes.html,d1328183,https://www.tripadvisor.com/Restaurant_Review-g187265-d1328183-Reviews-Restaurant_Golbasi-Lyon_Rhone_Auvergne_Rhone_Alpes.html,2095  2574
119,id_11602,London,,11612.0,4.0,,16.0,"[['Good spot for after work drinks in the sun', 'Room with a view'], ['08/06/2017', '07/16/2017']]",/Restaurant_Review-g186338-d10392913-Reviews-Aqua_London-London_England.html,d10392913,https://www.tripadvisor.com/Restaurant_Review-g186338-d10392913-Reviews-Aqua_London-London_England.html,7772  17239
120,id_2769,Milan,"['Italian', 'Pizza', 'Mediterranean', 'European', 'Vegetarian Friendly']",2771.0,3.5,$$ - $$$,346.0,"[['If you want to eat like a local, eat here', 'Thick pizza slices'], ['05/16/2017', '04/28/2017']]",/Restaurant_Review-g187849-d1097475-Reviews-Pizzeria_Grand_Italia-Milan_Lombardy.html,d1097475,https://www.tripadvisor.com/Restaurant_Review-g187849-d1097475-Reviews-Pizzeria_Grand_Italia-Milan_Lombardy.html,2356  6750
121,id_4116,Milan,,4119.0,3.5,,30.0,"[[], []]",/Restaurant_Review-g187849-d7967318-Reviews-Trattoria_la_Madonnina_di_Costantino_Cuciniello_Precotto-Milan_Lombardy.html,d7967318,https://www.tripadvisor.com/Restaurant_Review-g187849-d7967318-Reviews-Trattoria_la_Madonnina_di_Costantino_Cuciniello_Precotto-Milan_Lombardy.html,4248  6750
122,id_198,Zurich,"['Italian', 'Mediterranean', 'European', 'Vegetarian Friendly']",200.0,4.0,$$$$,211.0,"[['Florence meets Zurich', 'Tasty Italian restaurant'], ['12/12/2017', '09/05/2017']]",/Restaurant_Review-g188113-d797737-Reviews-Conti-Zurich.html,d797737,https://www.tripadvisor.com/Restaurant_Review-g188113-d797737-Reviews-Conti-Zurich.html,203  1676
123,id_3015,Rome,"['Italian', 'Pizza', 'Mediterranean', 'European', 'Vegetarian Friendly', 'Gluten Free Options']",3016.0,3.0,$$ - $$$,1012.0,"[['Don‚Äôt go there!', 'Really bad!'], ['12/30/2017', '02/25/2017']]",/Restaurant_Review-g187791-d2226584-Reviews-Fratelli_La_Bufala_a_Ponte_Milvio-Rome_Lazio.html,d2226584,https://www.tripadvisor.com/Restaurant_Review-g187791-d2226584-Reviews-Fratelli_La_Bufala_a_Ponte_Milvio-Rome_Lazio.html,4992  10360
124,id_1655,Madrid,"['Peruvian', 'Asian', 'South American']",1657.0,5.0,$$$$,11.0,"[['Excellent', 'Machete!!!'], ['11/28/2017', '11/28/2017']]",/Restaurant_Review-g187514-d13174390-Reviews-Machete_Restaurante-Madrid.html,d13174390,https://www.tripadvisor.com/Restaurant_Review-g187514-d13174390-Reviews-Machete_Restaurante-Madrid.html,0
125,id_2858,London,"['Italian', 'Mediterranean', 'Vegetarian Friendly', 'Gluten Free Options']",2863.0,4.0,$$ - $$$,459.0,"[['terrible experience', 'Fabulous all you can drink prosecco offer...'], ['01/04/2017', '11/24/2016']]",/Restaurant_Review-g186338-d4052905-Reviews-Cucina_Asellina-London_England.html,d4052905,https://www.tripadvisor.com/Restaurant_Review-g186338-d4052905-Reviews-Cucina_Asellina-London_England.html,2558  17239
126,id_2423,Rome,"['Italian', 'Pizza', 'Mediterranean', 'European', 'Delicatessen', 'Vegetarian Friendly']",2424.0,3.5,$$ - $$$,481.0,"[['Good pizza and atmosphere', 'Great little pizzeria'], ['12/28/2017', '11/18/2017']]",/Restaurant_Review-g187791-d5504724-Reviews-Ristorante_Est_Est_Est-Rome_Lazio.html,d5504724,https://www.tripadvisor.com/Restaurant_Review-g187791-d5504724-Reviews-Ristorante_Est_Est_Est-Rome_Lazio.html,2143  10360
127,id_10343,Paris,,10345.0,3.5,,6.0,"[[], []]",/Restaurant_Review-g187147-d12681857-Reviews-Epicerie_et_Associes-Paris_Ile_de_France.html,d12681857,https://www.tripadvisor.com/Restaurant_Review-g187147-d12681857-Reviews-Epicerie_et_Associes-Paris_Ile_de_France.html,7409  15633
128,id_8449,Madrid,"['Mediterranean', 'European', 'Spanish']",8456.0,2.5,$$ - $$$,566.0,"[['Nice place, ok food, good menu prices.', 'Disappointing'], ['01/06/2018', '11/19/2017']]",/Restaurant_Review-g187514-d7241440-Reviews-La_Carmela-Madrid.html,d7241440,https://www.tripadvisor.com/Restaurant_Review-g187514-d7241440-Reviews-La_Carmela-Madrid.html,640  10348
129,id_9009,Paris,,9011.0,4.5,,2.0,"[[], []]",/Restaurant_Review-g187147-d13094972-Reviews-Love_Juice_Bar-Paris_Ile_de_France.html,d13094972,https://www.tripadvisor.com/Restaurant_Review-g187147-d13094972-Reviews-Love_Juice_Bar-Paris_Ile_de_France.html,8871  15633
130,id_1251,Edinburgh,['Cafe'],1252.0,4.5,$,15.0,"[['Friday Lunch!', 'Cheap and cheerful'], ['10/12/2017', '10/04/2017']]",/Restaurant_Review-g186525-d5442784-Reviews-Sandwich_Culture-Edinburgh_Scotland.html,d5442784,https://www.tripadvisor.com/Restaurant_Review-g186525-d5442784-Reviews-Sandwich_Culture-Edinburgh_Scotland.html,992  1773
131,id_7472,Paris,['Cafe'],7473.0,4.0,$,28.0,"[['A Proper French Local Bar worth the Visit!', 'FRANCE BEST KEPT SECRET'], ['12/22/2015', '06/01/2015']]",/Restaurant_Review-g187147-d4942642-Reviews-Cafe_Le_Zoco-Paris_Ile_de_France.html,d4942642,https://www.tripadvisor.com/Restaurant_Review-g187147-d4942642-Reviews-Cafe_Le_Zoco-Paris_Ile_de_France.html,6049  15633
132,id_6583,London,"['Cafe', 'British']",6592.0,4.5,$,29.0,"[['Amazing breakfast', 'friendly, helpful, good value, not pretent...'], ['08/08/2017', '07/14/2017']]",/Restaurant_Review-g186338-d2524119-Reviews-Cafe_Parco-London_England.html,d2524119,https://www.tripadvisor.com/Restaurant_Review-g186338-d2524119-Reviews-Cafe_Parco-London_England.html,5310  17239
133,id_873,Bratislava,['Greek'],874.0,3.0,,3.0,"[['Great for lunch menu'], ['08/04/2014']]",/Restaurant_Review-g274924-d4770241-Reviews-Olive_Tree_Restaurant-Bratislava_Bratislava_Region.html,d4770241,https://www.tripadvisor.com/Restaurant_Review-g274924-d4770241-Reviews-Olive_Tree_Restaurant-Bratislava_Bratislava_Region.html,927  1045
134,id_270,Warsaw,"['Bar', 'Polish', 'European', 'Eastern European', 'Steakhouse', 'Pub', 'Vegetarian Friendly']",271.0,4.0,$$ - $$$,85.0,"[['Good food', 'Great Ambiance'], ['01/01/2018', '11/19/2017']]",/Restaurant_Review-g274856-d8797372-Reviews-Latem_Bar_Restaurant-Warsaw_Mazovia_Province_Central_Poland.html,d8797372,https://www.tripadvisor.com/Restaurant_Review-g274856-d8797372-Reviews-Latem_Bar_Restaurant-Warsaw_Mazovia_Province_Central_Poland.html,71  2788
135,id_237,Stockholm,"['Swedish', 'Scandinavian', 'Vegetarian Friendly', 'Gluten Free Options']",238.0,4.5,$$ - $$$,154.0,"[['Friendly evening with my sons', 'Proviant √ñstermalm in Stockholm, Sweden'], ['12/06/2017', '07/12/2017']]",/Restaurant_Review-g189852-d1496204-Reviews-Proviant_Ostermalm-Stockholm.html,d1496204,https://www.tripadvisor.com/Restaurant_Review-g189852-d1496204-Reviews-Proviant_Ostermalm-Stockholm.html,212  2783
136,id_4653,Madrid,['Spanish'],4656.0,4.0,$,18.0,"[['Nice little place', 'We entry for lucky and we will go back'], ['08/28/2017', '03/12/2017']]",/Restaurant_Review-g187514-d11754798-Reviews-El_Patio_De_La_Tapa-Madrid.html,d11754798,https://www.tripadvisor.com/Restaurant_Review-g187514-d11754798-Reviews-El_Patio_De_La_Tapa-Madrid.html,6042  10348
137,id_820,Rome,"['Italian', 'Pizza', 'Vegetarian Friendly']",821.0,5.0,$,134.0,"[['very specific', 'Yummy üëç'], ['09/26/2017', '09/18/2015']]",/Restaurant_Review-g187791-d4085056-Reviews-Pizzeria_I_Gemelli_Roma-Rome_Lazio.html,d4085056,https://www.tripadvisor.com/Restaurant_Review-g187791-d4085056-Reviews-Pizzeria_I_Gemelli_Roma-Rome_Lazio.html,28  10360
138,id_1722,Hamburg,"['Asian', 'Tibetan', 'Nepali']",1725.0,4.0,$$ - $$$,3.0,"[[], []]",/Restaurant_Review-g187331-d12867794-Reviews-Tibet_Restaurant-Hamburg.html,d12867794,https://www.tripadvisor.com/Restaurant_Review-g187331-d12867794-Reviews-Tibet_Restaurant-Hamburg.html,1092  2882
139,id_86,Budapest,"['European', 'Wine Bar', 'Eastern European', 'Central European', 'Hungarian', 'Contemporary', 'Vegetarian Friendly', 'Gluten Free Options']",87.0,4.5,$$ - $$$,1256.0,"[['Good wine selection and French kitchen sty...', 'Contemporary hungarian food'], ['01/06/2018', '01/03/2018']]",/Restaurant_Review-g274887-d779921-Reviews-Klassz-Budapest_Central_Hungary.html,d779921,https://www.tripadvisor.com/Restaurant_Review-g274887-d779921-Reviews-Klassz-Budapest_Central_Hungary.html,0
140,id_2044,Barcelona,"['Italian', 'Mediterranean']",2045.0,4.5,$$ - $$$,89.0,"[['Real Sicilian cuisine', 'A really nice surprise'], ['10/26/2016', '06/09/2016']]",/Restaurant_Review-g187497-d8118086-Reviews-Origano_cucina_siciliana-Barcelona_Catalonia.html,d8118086,https://www.tripadvisor.com/Restaurant_Review-g187497-d8118086-Reviews-Origano_cucina_siciliana-Barcelona_Catalonia.html,0
141,id_4157,Rome,['Italian'],4158.0,4.0,$$ - $$$,182.0,"[['Charming Terrace Bar and Restaurant!', 'Nice terrace'], ['01/04/2016', '08/29/2015']]",/Restaurant_Review-g187791-d2321047-Reviews-Sottosopra_Restaurant-Rome_Lazio.html,d2321047,https://www.tripadvisor.com/Restaurant_Review-g187791-d2321047-Reviews-Sottosopra_Restaurant-Rome_Lazio.html,3127  10360
142,id_14612,London,,14623.0,3.0,,39.0,"[[""Rock bar shame it hasn't realised it's not..."", 'Over priced and under served...'], ['04/30/2017', '12/11/2017']]",/Restaurant_Review-g186338-d7994738-Reviews-Slim_Jim_s_Liquor_Store-London_England.html,d7994738,https://www.tripadvisor.com/Restaurant_Review-g186338-d7994738-Reviews-Slim_Jim_s_Liquor_Store-London_England.html,12226  17239
143,id_5080,Barcelona,"['Italian', 'Seafood']",5081.0,3.5,$$$$,32.0,"[[], []]",/Restaurant_Review-g187497-d10226097-Reviews-Laz_Laz-Barcelona_Catalonia.html,d10226097,https://www.tripadvisor.com/Restaurant_Review-g187497-d10226097-Reviews-Laz_Laz-Barcelona_Catalonia.html,0
144,id_4505,Paris,,4506.0,4.0,,57.0,"[['Excellent bubble tea', 'Best Bubble Tea in Paris, plus cheesecake...'], ['06/04/2017', '09/20/2016']]",/Restaurant_Review-g187147-d3612769-Reviews-Bubbolitas-Paris_Ile_de_France.html,d3612769,https://www.tripadvisor.com/Restaurant_Review-g187147-d3612769-Reviews-Bubbolitas-Paris_Ile_de_France.html,3248  15633
145,id_8121,Madrid,"['Bar', 'Mediterranean', 'Spanish']",8128.0,2.5,$$ - $$$,1768.0,"[['So busy!!', 'I think it has seen better days'], ['11/27/2017', '11/19/2017']]",/Restaurant_Review-g187514-d697526-Reviews-El_Brillante-Madrid.html,d697526,https://www.tripadvisor.com/Restaurant_Review-g187514-d697526-Reviews-El_Brillante-Madrid.html,10309  10348
146,id_4429,London,"['Japanese', 'Sushi', 'Asian', 'Vegetarian Friendly']",4436.0,4.5,$$ - $$$,19.0,"[['A quick meal', 'Delicious food!! Great service will defini...'], ['11/04/2017', '09/19/2017']]",/Restaurant_Review-g186338-d10619071-Reviews-Zen_Modern_Japanese_Cuisine-London_England.html,d10619071,https://www.tripadvisor.com/Restaurant_Review-g186338-d10619071-Reviews-Zen_Modern_Japanese_Cuisine-London_England.html,0
147,id_4110,Madrid,['Spanish'],4112.0,5.0,,2.0,"[[], []]",/Restaurant_Review-g187514-d4600226-Reviews-Cafeteria_Teresa-Madrid.html,d4600226,https://www.tripadvisor.com/Restaurant_Review-g187514-d4600226-Reviews-Cafeteria_Teresa-Madrid.html,6959  10348
148,id_746,Lisbon,"['European', 'Vegetarian Friendly']",747.0,4.5,$$ - $$$,42.0,"[['Hidden treasure for tartar lovers', 'Absolutely Fabulous, the second time aroun...'], ['02/07/2018', '10/09/2017']]",/Restaurant_Review-g189158-d10064175-Reviews-Tartar_Ria-Lisbon_Lisbon_District_Central_Portugal.html,d10064175,https://www.tripadvisor.com/Restaurant_Review-g189158-d10064175-Reviews-Tartar_Ria-Lisbon_Lisbon_District_Central_Portugal.html,130  4576
149,id_229,Helsinki,"['Cafe', 'Bar', 'European', 'Pub', 'Vegetarian Friendly', 'Gluten Free Options']",230.0,4.0,$$ - $$$,47.0,"[['Lovely setting and beautiful view', 'Skimpy salmon soup at Suomenlinna'], ['08/05/2017', '08/05/2017']]",/Restaurant_Review-g189934-d4476199-Reviews-Cafe_Bar_Valimo-Helsinki_Uusimaa.html,d4476199,https://www.tripadvisor.com/Restaurant_Review-g189934-d4476199-Reviews-Cafe_Bar_Valimo-Helsinki_Uusimaa.html,227  1388
